nodes,x,y,time
845,9,22,1977-01-01T00:16:19.100Z
1035,9,27,1977-01-01T08:10:36.100Z
1035,9,27,1977-01-01T16:00:53.400Z
276,10,7,1977-01-13T03:27:22.200Z
1008,20,26,1977-01-19T18:56:20.300Z
730,8,19,1977-01-23T17:48:01.500Z
1049,23,27,1977-01-26T05:43:21.900Z
1008,20,26,1977-01-30T23:14:59.100Z
584,14,15,1977-02-12T11:44:25.400Z
856,20,22,1977-02-14T04:45:16.400Z
1242,26,32,1977-02-21T17:48:02.000Z
922,10,24,1977-03-01T20:37:25.100Z
739,17,19,1977-03-16T16:29:00.700Z
350,8,9,1977-03-17T16:58:41.600Z
276,10,7,1977-03-19T06:28:18.700Z
1008,20,26,1977-03-23T02:11:14.600Z
692,8,18,1977-03-24T07:27:17.200Z
973,23,25,1977-04-07T01:24:27.500Z
923,11,24,1977-04-08T17:30:53.900Z
659,13,17,1977-04-09T13:41:13.400Z
1008,20,26,1977-04-13T21:44:53.900Z
1008,20,26,1977-04-18T10:20:52.300Z
307,3,8,1977-05-08T16:45:16.000Z
307,3,8,1977-05-08T18:00:00.000Z
307,3,8,1977-05-09T04:48:46.200Z
307,3,8,1977-05-10T23:56:32.400Z
307,3,8,1977-05-14T09:16:02.000Z
922,10,24,1977-05-15T21:52:43.900Z
1009,21,26,1977-05-16T07:09:41.100Z
1035,9,27,1977-05-17T14:15:21.900Z
269,3,7,1977-05-21T12:02:22.100Z
269,3,7,1977-05-21T14:14:41.300Z
269,3,7,1977-05-21T20:26:06.000Z
269,3,7,1977-05-22T10:24:23.900Z
230,2,6,1977-05-26T06:19:40.800Z
195,5,5,1977-05-28T07:27:10.600Z
1008,20,26,1977-06-21T05:03:06.000Z
847,11,22,1977-06-27T08:30:36.200Z
277,11,7,1977-06-27T18:57:20.400Z
1009,21,26,1977-07-01T20:42:10.300Z
732,10,19,1977-07-06T23:58:02.700Z
235,7,6,1977-07-16T16:34:17.600Z
1010,22,26,1977-07-19T13:04:11.000Z
1360,30,35,1977-07-24T05:44:43.900Z
971,21,25,1977-07-29T23:15:21.500Z
1008,20,26,1977-08-01T00:47:32.100Z
1113,11,29,1977-08-03T02:25:04.400Z
998,10,26,1977-08-03T17:46:53.900Z
998,10,26,1977-08-08T07:00:06.300Z
41,3,1,1977-08-15T16:49:39.300Z
1084,20,28,1977-08-15T22:06:14.000Z
1039,13,27,1977-08-31T00:42:05.400Z
1039,13,27,1977-08-31T01:18:35.100Z
1039,13,27,1977-08-31T01:34:01.400Z
1040,14,27,1977-08-31T03:56:24.100Z
1003,15,26,1977-08-31T11:00:55.900Z
1002,14,26,1977-08-31T11:58:03.800Z
1039,13,27,1977-09-01T17:37:06.800Z
41,3,1,1977-09-20T17:17:50.700Z
1009,21,26,1977-09-29T06:09:22.800Z
1008,20,26,1977-10-01T21:07:08.800Z
656,10,17,1977-10-03T12:28:23.100Z
887,13,23,1977-10-13T04:09:32.000Z
1009,21,26,1977-10-22T01:23:27.000Z
965,15,25,1977-10-26T02:49:50.900Z
1035,9,27,1977-10-29T21:13:28.400Z
1035,9,27,1977-10-30T02:18:01.300Z
276,10,7,1977-11-03T05:05:09.600Z
276,10,7,1977-11-12T16:57:58.000Z
803,5,21,1977-11-16T00:44:54.700Z
1009,21,26,1977-12-06T10:23:01.300Z
1244,28,32,1977-12-11T16:22:08.600Z
1236,20,32,1977-12-15T22:52:15.500Z
1367,37,35,1977-12-17T23:25:11.900Z
1008,20,26,1977-12-19T08:28:53.200Z
1008,20,26,1978-01-05T03:22:40.500Z
922,10,24,1978-01-08T00:56:42.400Z
704,20,18,1978-01-10T20:08:33.800Z
1009,21,26,1978-01-16T08:31:36.200Z
972,22,25,1978-01-21T08:19:30.700Z
971,21,25,1978-01-21T13:15:20.100Z
276,10,7,1978-01-24T20:20:28.300Z
768,8,20,1978-01-29T18:10:06.300Z
884,10,23,1978-02-16T03:47:24.600Z
1009,21,26,1978-02-20T07:19:48.700Z
1156,16,30,1978-02-22T08:19:47.800Z
1156,16,30,1978-02-22T09:15:54.600Z
1008,20,26,1978-03-07T11:45:35.800Z
10,10,0,1978-03-14T17:20:47.300Z
1008,20,26,1978-03-19T06:27:32.700Z
971,21,25,1978-03-25T15:51:05.900Z
1425,19,37,1978-04-01T03:37:03.200Z
691,7,18,1978-04-03T03:06:45.400Z
125,11,3,1978-04-03T05:31:32.700Z
1263,9,33,1978-04-04T21:11:41.800Z
971,21,25,1978-04-07T06:35:22.500Z
275,9,7,1978-04-07T09:52:06.000Z
1391,23,36,1978-04-08T15:12:22.700Z
1009,21,26,1978-04-18T19:33:03.400Z
230,2,6,1978-04-23T01:58:49.100Z
1427,21,37,1978-04-28T04:28:34.200Z
653,7,17,1978-04-30T12:53:26.700Z
125,11,3,1978-05-08T07:32:29.000Z
919,7,24,1978-05-10T18:37:57.900Z
1009,21,26,1978-05-27T16:16:42.200Z
1087,23,28,1978-06-03T10:50:33.600Z
351,9,9,1978-06-07T08:00:34.200Z
3,3,0,1978-06-09T09:22:12.200Z
653,7,17,1978-06-10T04:29:46.100Z
1008,20,26,1978-06-18T02:20:24.800Z
154,2,4,1978-06-18T11:07:45.100Z
1186,8,31,1978-07-01T08:53:57.600Z
1008,20,26,1978-07-02T02:49:17.900Z
1008,20,26,1978-07-06T12:02:21.500Z
1188,10,31,1978-07-17T10:26:29.000Z
579,9,15,1978-07-18T14:26:03.000Z
314,10,8,1978-07-22T07:40:03.200Z
1008,20,26,1978-07-26T02:19:01.300Z
1037,11,27,1978-08-02T23:59:21.500Z
1010,22,26,1978-08-08T02:58:36.600Z
236,8,6,1978-08-10T04:10:55.800Z
619,11,16,1978-08-12T08:25:26.600Z
1009,21,26,1978-08-15T07:04:09.100Z
1008,20,26,1978-09-01T08:32:12.500Z
237,9,6,1978-09-11T04:21:56.200Z
269,3,7,1978-09-26T13:39:04.100Z
1038,12,27,1978-10-05T23:22:20.000Z
1008,20,26,1978-10-24T03:41:16.000Z
934,22,24,1978-10-24T21:04:38.300Z
1008,20,26,1978-10-29T14:41:17.400Z
1009,21,26,1978-11-01T16:23:45.900Z
279,13,7,1978-11-04T20:16:10.500Z
276,10,7,1978-11-09T00:36:56.300Z
237,9,6,1978-11-11T21:47:55.700Z
1427,21,37,1978-11-14T04:13:31.500Z
40,2,1,1978-11-21T00:07:06.500Z
3,3,0,1978-11-24T15:16:42.200Z
971,21,25,1978-12-02T07:00:50.700Z
276,10,7,1978-12-18T13:37:31.200Z
854,18,22,1978-12-20T05:55:17.600Z
195,5,5,1978-12-24T23:13:42.600Z
241,13,6,1978-12-27T09:33:20.600Z
1035,9,27,1978-12-29T00:43:29.300Z
960,10,25,1978-12-29T02:03:22.100Z
1075,11,28,1978-12-31T20:38:38.500Z
1008,20,26,1979-01-06T09:49:08.600Z
622,14,16,1979-01-06T12:50:51.100Z
1009,21,26,1979-01-14T19:20:30.200Z
314,10,8,1979-01-17T02:12:50.900Z
933,21,24,1979-01-21T20:20:45.500Z
1008,20,26,1979-01-25T00:51:24.000Z
971,21,25,1979-01-29T11:42:06.300Z
1008,20,26,1979-02-07T16:13:46.200Z
1008,20,26,1979-02-10T23:52:20.600Z
1008,20,26,1979-02-26T15:54:56.000Z
1347,17,35,1979-02-28T12:04:25.900Z
499,5,13,1979-02-28T15:03:47.900Z
992,4,26,1979-03-01T02:41:12.600Z
461,5,12,1979-03-01T14:33:15.200Z
1008,20,26,1979-03-02T21:24:22.200Z
461,5,12,1979-03-09T08:40:11.400Z
423,5,11,1979-03-09T09:17:21.700Z
460,4,12,1979-03-10T00:28:54.600Z
1008,20,26,1979-03-11T12:16:19.500Z
88,12,2,1979-03-16T07:03:34.100Z
1112,10,29,1979-03-20T19:03:59.700Z
1008,20,26,1979-03-21T14:32:19.100Z
1359,29,35,1979-03-22T11:35:14.400Z
277,11,7,1979-03-26T16:07:00.600Z
736,14,19,1979-03-27T09:09:16.900Z
930,18,24,1979-03-28T04:18:04.800Z
1508,26,39,1979-03-30T11:45:41.100Z
1508,26,39,1979-03-30T12:10:06.300Z
1008,20,26,1979-04-05T03:50:39.500Z
960,10,25,1979-04-05T05:39:30.500Z
276,10,7,1979-04-06T02:41:20.800Z
276,10,7,1979-04-30T01:04:20.400Z
933,21,24,1979-05-04T07:24:40.000Z
1127,25,29,1979-05-05T20:04:57.700Z
1127,25,29,1979-05-05T20:08:38.300Z
1009,21,26,1979-05-11T19:05:52.800Z
82,6,2,1979-05-13T22:41:53.600Z
812,14,21,1979-05-16T12:43:03.800Z
970,20,25,1979-05-21T20:21:40.400Z
1074,10,28,1979-05-24T18:38:25.200Z
461,5,12,1979-05-25T04:31:34.800Z
850,14,22,1979-05-29T12:59:01.800Z
276,10,7,1979-06-02T01:32:51.000Z
1068,4,28,1979-06-06T00:33:11.300Z
1008,20,26,1979-06-10T05:54:11.600Z
1030,4,27,1979-06-12T18:54:27.100Z
79,3,2,1979-06-12T21:32:51.500Z
202,12,5,1979-06-16T18:06:58.400Z
1032,6,27,1979-06-23T02:19:59.700Z
1008,20,26,1979-06-25T12:48:10.100Z
1008,20,26,1979-06-26T21:10:46.700Z
1027,1,27,1979-07-02T00:52:11.000Z
989,1,26,1979-07-02T13:45:49.700Z
971,21,25,1979-07-04T14:28:40.300Z
1122,20,29,1979-07-07T07:00:55.100Z
1008,20,26,1979-07-18T13:02:15.700Z
1008,20,26,1979-07-20T20:06:47.400Z
1165,25,30,1979-08-03T11:43:57.600Z
933,21,24,1979-08-09T06:48:19.100Z
1009,21,26,1979-08-17T20:44:00.600Z
585,15,15,1979-08-24T17:55:39.600Z
773,13,20,1979-09-02T02:00:11.800Z
812,14,21,1979-09-06T03:57:53.600Z
1009,21,26,1979-09-07T09:44:02.800Z
1008,20,26,1979-09-11T10:56:59.800Z
775,15,20,1979-09-11T14:02:57.800Z
1008,20,26,1979-09-12T19:45:29.700Z
197,7,5,1979-09-16T09:09:09.600Z
1008,20,26,1979-09-22T05:57:42.200Z
1225,9,32,1979-09-29T03:17:16.200Z
1008,20,26,1979-09-30T04:12:29.100Z
127,13,3,1979-10-05T16:43:16.200Z
1008,20,26,1979-10-06T15:07:24.100Z
1082,18,28,1979-10-31T00:06:13.200Z
1008,20,26,1979-10-31T06:01:51.300Z
1008,20,26,1979-11-02T09:33:26.700Z
998,10,26,1979-11-12T07:57:11.200Z
202,12,5,1979-11-13T06:22:02.600Z
1009,21,26,1979-11-14T22:46:35.400Z
815,17,21,1979-11-21T18:49:54.700Z
811,13,21,1979-11-23T23:40:29.800Z
1008,20,26,1979-11-26T10:04:02.600Z
117,3,3,1979-11-26T21:05:47.700Z
198,8,5,1979-12-04T12:47:58.400Z
538,6,14,1979-12-12T07:59:03.300Z
576,6,15,1979-12-12T08:14:50.300Z
577,7,15,1979-12-12T08:32:04.600Z
654,8,17,1979-12-12T08:33:52.400Z
616,8,16,1979-12-12T08:42:17.600Z
614,6,16,1979-12-12T11:53:49.400Z
538,6,14,1979-12-12T12:03:45.100Z
654,8,17,1979-12-12T14:59:01.900Z
731,9,19,1979-12-12T17:49:05.600Z
576,6,15,1979-12-12T18:36:30.400Z
615,7,16,1979-12-12T20:08:59.200Z
576,6,15,1979-12-12T20:18:32.200Z
692,8,18,1979-12-12T23:51:32.100Z
614,6,16,1979-12-13T01:46:35.400Z
690,6,18,1979-12-13T02:01:36.700Z
878,4,23,1979-12-13T02:43:37.900Z
577,7,15,1979-12-13T04:20:33.800Z
577,7,15,1979-12-13T04:46:45.600Z
615,7,16,1979-12-13T05:37:47.800Z
537,5,14,1979-12-13T08:05:29.400Z
691,7,18,1979-12-13T12:42:03.900Z
652,6,17,1979-12-13T13:16:53.100Z
614,6,16,1979-12-13T19:33:49.900Z
576,6,15,1979-12-13T20:41:52.700Z
615,7,16,1979-12-13T21:34:52.000Z
615,7,16,1979-12-13T22:01:13.000Z
576,6,15,1979-12-13T22:40:30.600Z
614,6,16,1979-12-14T01:25:29.700Z
615,7,16,1979-12-14T06:14:12.000Z
615,7,16,1979-12-14T06:16:05.800Z
691,7,18,1979-12-14T06:20:59.700Z
615,7,16,1979-12-14T07:13:34.200Z
652,6,17,1979-12-14T08:42:23.700Z
614,6,16,1979-12-14T09:36:24.800Z
692,8,18,1979-12-15T03:51:43.400Z
692,8,18,1979-12-15T04:32:13.200Z
690,6,18,1979-12-15T07:35:25.000Z
576,6,15,1979-12-15T10:55:31.600Z
653,7,17,1979-12-15T15:23:32.100Z
654,8,17,1979-12-15T20:01:50.900Z
652,6,17,1979-12-15T20:26:22.700Z
653,7,17,1979-12-15T20:37:18.500Z
615,7,16,1979-12-15T23:27:54.100Z
653,7,17,1979-12-16T08:17:23.400Z
652,6,17,1979-12-16T08:27:03.400Z
653,7,17,1979-12-16T15:43:10.000Z
652,6,17,1979-12-17T02:16:48.800Z
654,8,17,1979-12-17T06:10:48.100Z
615,7,16,1979-12-17T10:58:10.000Z
692,8,18,1979-12-17T12:40:10.300Z
653,7,17,1979-12-18T07:46:51.400Z
613,5,16,1979-12-18T08:43:17.900Z
652,6,17,1979-12-18T17:11:35.100Z
612,4,16,1979-12-18T17:34:33.000Z
614,6,16,1979-12-19T00:50:29.300Z
615,7,16,1979-12-19T22:49:40.300Z
693,9,18,1979-12-20T02:08:34.000Z
614,6,16,1979-12-20T18:19:42.900Z
197,7,5,1979-12-21T00:26:06.900Z
616,8,16,1979-12-21T01:49:19.400Z
652,6,17,1979-12-21T03:04:57.000Z
615,7,16,1979-12-21T06:35:25.300Z
652,6,17,1979-12-21T10:00:05.600Z
653,7,17,1979-12-21T19:43:32.300Z
615,7,16,1979-12-21T22:57:47.500Z
694,10,18,1979-12-21T23:02:14.300Z
730,8,19,1979-12-22T15:21:52.900Z
614,6,16,1979-12-23T08:29:43.700Z
693,9,18,1979-12-23T08:47:20.400Z
614,6,16,1979-12-24T06:22:26.200Z
615,7,16,1979-12-24T12:46:04.700Z
578,8,15,1979-12-25T03:25:45.100Z
576,6,15,1979-12-25T14:55:57.900Z
654,8,17,1979-12-26T05:50:59.900Z
731,9,19,1979-12-28T15:06:59.800Z
577,7,15,1979-12-29T22:08:03.600Z
652,6,17,1979-12-30T02:09:34.600Z
690,6,18,1979-12-30T16:12:23.200Z
652,6,17,1979-12-30T16:15:31.600Z
691,7,18,1979-12-31T04:21:02.300Z
731,9,19,1979-12-31T11:58:39.400Z
653,7,17,1979-12-31T12:30:17.600Z
577,7,15,1979-12-31T23:07:23.400Z
1008,20,26,1980-01-01T14:46:19.200Z
652,6,17,1980-01-01T23:55:13.000Z
652,6,17,1980-01-02T19:04:02.900Z
691,7,18,1980-01-03T03:37:18.700Z
653,7,17,1980-01-03T04:48:21.100Z
614,6,16,1980-01-05T04:09:19.600Z
654,8,17,1980-01-06T04:00:13.500Z
1008,20,26,1980-01-06T19:14:26.100Z
654,8,17,1980-01-06T20:14:12.900Z
654,8,17,1980-01-07T00:33:35.600Z
349,7,9,1980-01-13T00:29:07.100Z
692,8,18,1980-01-17T19:48:23.600Z
1082,18,28,1980-01-18T23:37:32.300Z
840,4,22,1980-01-19T16:05:47.000Z
48,10,1,1980-01-22T01:08:05.500Z
614,6,16,1980-01-26T15:27:15.000Z
577,7,15,1980-01-28T04:39:04.100Z
653,7,17,1980-01-31T07:31:43.000Z
577,7,15,1980-02-09T11:14:36.800Z
614,6,16,1980-02-11T15:56:20.300Z
1246,30,32,1980-02-12T02:29:14.500Z
740,18,19,1980-02-12T08:18:50.100Z
694,10,18,1980-02-13T11:13:10.900Z
234,6,6,1980-02-18T13:03:24.500Z
1049,23,27,1980-02-21T03:44:24.900Z
615,7,16,1980-02-21T10:42:57.000Z
576,6,15,1980-02-23T14:13:03.000Z
11,11,0,1980-02-24T11:00:50.600Z
653,7,17,1980-03-03T09:13:55.900Z
930,18,24,1980-03-06T13:42:08.100Z
1008,20,26,1980-03-09T01:21:26.500Z
1044,18,27,1980-03-09T03:34:50.600Z
1008,20,26,1980-03-11T11:50:35.100Z
1008,20,26,1980-03-14T13:23:47.400Z
498,4,13,1980-03-16T03:26:11.500Z
1009,21,26,1980-03-19T05:47:19.700Z
3,3,0,1980-03-20T14:32:37.900Z
1009,21,26,1980-03-23T06:56:31.000Z
971,21,25,1980-03-28T13:33:15.900Z
276,10,7,1980-03-28T15:39:39.000Z
968,18,25,1980-04-02T18:13:44.300Z
614,6,16,1980-04-15T10:27:54.500Z
576,6,15,1980-04-17T05:38:53.800Z
198,8,5,1980-04-20T11:26:22.900Z
1284,30,33,1980-04-21T07:33:38.700Z
1008,20,26,1980-04-27T10:25:03.900Z
971,21,25,1980-05-01T05:04:07.800Z
1048,22,27,1980-05-02T01:47:06.900Z
1113,11,29,1980-05-02T23:08:40.900Z
998,10,26,1980-05-10T04:51:52.000Z
574,4,15,1980-05-11T09:25:59.200Z
691,7,18,1980-05-12T13:56:11.200Z
349,7,9,1980-05-16T02:52:54.300Z
574,4,15,1980-05-16T05:33:39.100Z
1009,21,26,1980-05-21T00:48:50.200Z
1008,20,26,1980-05-22T11:58:37.100Z
971,21,25,1980-05-23T03:16:42.000Z
891,17,23,1980-05-25T15:43:29.400Z
1009,21,26,1980-05-26T10:33:37.100Z
1008,20,26,1980-05-27T01:45:48.000Z
615,7,16,1980-05-31T11:31:37.900Z
971,21,25,1980-06-14T03:55:52.600Z
779,19,20,1980-06-16T12:06:23.700Z
741,19,19,1980-06-19T23:05:34.900Z
741,19,19,1980-06-20T01:05:15.800Z
1081,17,28,1980-06-22T09:17:57.900Z
616,8,16,1980-06-24T00:15:53.400Z
774,14,20,1980-06-25T12:04:56.900Z
1009,21,26,1980-07-05T09:27:51.700Z
615,7,16,1980-07-06T18:03:26.100Z
501,7,13,1980-07-06T18:10:09.300Z
773,13,20,1980-07-07T16:48:44.500Z
652,6,17,1980-07-15T05:30:16.900Z
1001,13,26,1980-07-16T13:06:18.700Z
652,6,17,1980-07-19T18:09:59.800Z
654,8,17,1980-07-22T04:04:42.000Z
199,9,5,1980-07-23T08:43:55.200Z
1008,20,26,1980-07-25T07:25:55.200Z
1008,20,26,1980-07-28T17:04:08.300Z
276,10,7,1980-07-29T11:43:44.600Z
615,7,16,1980-08-01T10:03:23.800Z
652,6,17,1980-08-09T19:46:07.400Z
1008,20,26,1980-08-15T21:30:45.700Z
233,5,6,1980-08-18T15:07:52.600Z
233,5,6,1980-08-20T20:32:08.200Z
1074,10,28,1980-08-23T01:34:43.500Z
1008,20,26,1980-08-23T04:28:13.600Z
1074,10,28,1980-08-24T00:52:46.700Z
1113,11,29,1980-08-24T01:01:07.400Z
730,8,19,1980-08-30T19:38:38.900Z
730,8,19,1980-08-31T03:17:42.900Z
730,8,19,1980-08-31T12:04:57.400Z
691,7,18,1980-08-31T20:02:00.800Z
1074,10,28,1980-09-03T05:34:41.500Z
576,6,15,1980-09-03T10:50:34.100Z
237,9,6,1980-09-03T18:48:36.800Z
693,9,18,1980-09-03T22:12:39.100Z
1008,20,26,1980-09-10T16:20:28.900Z
1008,20,26,1980-09-14T08:29:35.000Z
275,9,7,1980-09-14T23:41:58.100Z
691,7,18,1980-09-16T12:27:46.800Z
314,10,8,1980-10-08T22:01:34.800Z
234,6,6,1980-10-21T12:55:28.700Z
971,21,25,1980-10-25T07:40:09.200Z
1042,16,27,1980-10-28T23:20:00.000Z
1008,20,26,1980-10-30T22:07:09.800Z
653,7,17,1980-10-31T05:10:51.400Z
44,6,1,1980-11-02T18:21:15.600Z
736,14,19,1980-11-17T01:24:56.000Z
1358,28,35,1980-11-17T16:50:20.700Z
1009,21,26,1980-11-18T16:34:38.000Z
971,21,25,1980-11-24T21:41:09.700Z
1086,22,28,1980-11-26T17:35:39.100Z
960,10,25,1980-11-26T23:10:41.700Z
425,7,11,1980-11-27T22:04:20.900Z
1324,32,34,1980-12-02T07:44:57.700Z
926,14,24,1980-12-03T08:51:40.900Z
1190,12,31,1980-12-13T10:10:00.600Z
1009,21,26,1980-12-15T05:05:39.300Z
1009,21,26,1980-12-16T18:45:18.400Z
1077,13,28,1980-12-17T00:20:02.000Z
1040,14,27,1980-12-19T10:39:03.600Z
1237,21,32,1980-12-20T17:00:19.800Z
40,2,1,1980-12-25T00:51:04.500Z
932,20,24,1980-12-26T01:32:07.900Z
576,6,15,1981-01-01T16:27:36.100Z
577,7,15,1981-01-02T07:37:01.300Z
577,7,15,1981-01-03T01:23:40.000Z
577,7,15,1981-01-07T07:01:39.800Z
577,7,15,1981-01-07T09:05:57.800Z
577,7,15,1981-01-10T00:05:19.200Z
1008,20,26,1981-01-16T22:17:22.200Z
1008,20,26,1981-01-23T23:50:00.900Z
539,7,14,1981-01-30T07:58:25.200Z
878,4,23,1981-01-30T22:36:36.200Z
652,6,17,1981-01-30T23:57:51.200Z
1008,20,26,1981-01-31T04:21:28.900Z
692,8,18,1981-02-07T01:21:34.730Z
277,11,7,1981-02-18T23:24:56.550Z
971,21,25,1981-02-19T14:41:46.840Z
1001,13,26,1981-02-20T20:19:22.000Z
1009,21,26,1981-02-20T20:45:11.300Z
971,21,25,1981-02-25T18:43:53.410Z
1001,13,26,1981-02-25T20:04:30.240Z
615,7,16,1981-03-04T04:33:23.400Z
233,5,6,1981-03-09T22:03:04.070Z
971,21,25,1981-03-16T21:01:25.390Z
1009,21,26,1981-03-19T22:18:36.470Z
276,10,7,1981-03-26T02:46:46.080Z
40,2,1,1981-04-13T14:03:01.550Z
1008,20,26,1981-04-20T21:57:47.750Z
1009,21,26,1981-04-24T01:09:44.500Z
126,12,3,1981-04-25T14:35:47.730Z
1001,13,26,1981-04-27T16:15:43.330Z
50,12,1,1981-04-27T16:22:33.770Z
1001,13,26,1981-04-27T18:50:38.720Z
1001,13,26,1981-04-27T22:53:15.510Z
277,11,7,1981-04-29T17:51:45.350Z
653,7,17,1981-05-01T16:57:53.200Z
231,3,6,1981-05-06T21:34:48.860Z
231,3,6,1981-05-06T21:36:06.810Z
312,8,8,1981-05-13T03:58:11.040Z
734,12,19,1981-05-13T04:38:25.330Z
1037,11,27,1981-05-16T09:04:15.350Z
811,13,21,1981-05-20T03:01:47.840Z
546,14,14,1981-05-22T08:26:14.440Z
1009,21,26,1981-05-24T01:08:53.600Z
159,7,4,1981-05-26T04:55:30.220Z
1045,19,27,1981-05-30T03:06:53.800Z
971,21,25,1981-05-30T07:37:34.350Z
79,3,2,1981-06-05T23:34:54.580Z
1008,20,26,1981-06-13T18:39:23.000Z
502,8,13,1981-06-19T21:03:45.770Z
12,12,0,1981-06-21T23:58:59.860Z
971,21,25,1981-06-22T19:33:33.520Z
197,7,5,1981-06-24T13:25:35.260Z
156,4,4,1981-06-27T21:54:14.650Z
651,5,17,1981-07-07T10:25:46.730Z
919,7,24,1981-07-22T07:20:45.770Z
581,11,15,1981-07-23T02:52:16.610Z
203,13,5,1981-07-29T22:43:55.020Z
1079,15,28,1981-07-30T05:24:08.650Z
849,13,22,1981-07-30T07:05:01.720Z
735,13,19,1981-08-05T12:58:27.460Z
921,9,24,1981-08-06T21:25:20.930Z
691,7,18,1981-08-12T00:47:32.000Z
615,7,16,1981-08-16T04:23:08.670Z
79,3,2,1981-08-19T14:29:43.560Z
933,21,24,1981-08-21T21:46:44.790Z
1119,17,29,1981-08-23T01:44:49.110Z
1120,18,29,1981-08-23T05:23:58.270Z
1000,12,26,1981-08-25T16:54:38.800Z
1001,13,26,1981-08-25T17:29:07.260Z
1001,13,26,1981-08-25T17:40:23.360Z
1001,13,26,1981-08-26T23:59:32.200Z
1000,12,26,1981-08-27T13:52:40.810Z
1000,12,26,1981-08-27T14:05:45.570Z
1001,13,26,1981-08-27T16:07:54.030Z
1000,12,26,1981-08-27T17:45:20.320Z
1001,13,26,1981-08-28T10:21:37.290Z
1039,13,27,1981-08-28T10:23:53.840Z
1001,13,26,1981-08-30T20:50:08.890Z
1001,13,26,1981-08-31T06:03:15.010Z
1008,20,26,1981-09-17T05:37:18.770Z
1008,20,26,1981-09-25T09:33:28.190Z
1008,20,26,1981-09-26T21:57:01.060Z
277,11,7,1981-10-04T20:03:53.010Z
971,21,25,1981-10-05T19:31:38.260Z
201,11,5,1981-10-07T20:03:47.650Z
275,9,7,1981-10-13T04:33:07.820Z
653,7,17,1981-10-17T12:28:48.520Z
1124,22,29,1981-10-18T04:31:02.740Z
651,5,17,1981-10-20T07:12:30.270Z
1008,20,26,1981-10-24T04:36:50.910Z
1009,21,26,1981-10-26T09:05:28.680Z
614,6,16,1981-10-27T21:00:17.830Z
971,21,25,1981-11-01T14:46:52.730Z
274,8,7,1981-11-03T07:02:38.570Z
615,7,16,1981-11-05T03:55:06.900Z
921,9,24,1981-11-11T17:31:06.370Z
237,9,6,1981-11-19T01:13:41.900Z
971,21,25,1981-12-05T06:48:58.250Z
276,10,7,1981-12-06T04:31:07.600Z
1203,25,31,1981-12-08T22:53:12.390Z
1009,21,26,1981-12-13T21:40:36.190Z
614,6,16,1981-12-13T23:27:52.390Z
1008,20,26,1981-12-17T12:54:03.240Z
970,20,25,1981-12-25T08:28:47.170Z
123,9,3,1981-12-25T18:54:23.390Z
962,12,25,1981-12-27T10:13:32.540Z
1009,21,26,1981-12-27T20:21:05.360Z
652,6,17,1982-01-08T02:35:57.630Z
771,11,20,1982-01-13T16:36:07.690Z
1035,9,27,1982-01-14T03:41:19.450Z
1205,27,31,1982-01-15T03:59:19.670Z
731,9,19,1982-01-17T12:46:37.090Z
652,6,17,1982-01-17T14:02:34.390Z
892,18,23,1982-01-17T14:52:13.760Z
315,11,8,1982-01-22T22:43:56.180Z
960,10,25,1982-02-01T21:34:15.450Z
235,7,6,1982-02-03T00:37:48.330Z
692,8,18,1982-02-04T05:04:08.200Z
10,10,0,1982-02-04T18:57:43.610Z
1009,21,26,1982-02-11T08:40:45.370Z
1008,20,26,1982-02-12T17:29:45.660Z
735,13,19,1982-02-13T01:09:22.160Z
1008,20,26,1982-02-16T08:32:08.300Z
971,21,25,1982-02-22T02:06:13.640Z
1008,20,26,1982-02-23T20:07:29.480Z
422,4,11,1982-02-27T12:38:35.490Z
314,10,8,1982-03-06T01:27:31.460Z
702,18,18,1982-03-08T04:16:32.730Z
1009,21,26,1982-03-09T12:21:52.230Z
1008,20,26,1982-03-09T15:04:23.620Z
883,9,23,1982-03-16T08:04:57.910Z
1031,5,27,1982-03-31T05:51:07.480Z
1009,21,26,1982-04-05T01:12:40.170Z
198,8,5,1982-04-07T11:52:03.050Z
691,7,18,1982-04-11T00:53:08.330Z
160,8,4,1982-04-11T12:21:29.990Z
199,9,5,1982-04-17T04:29:24.310Z
1008,20,26,1982-04-21T10:57:18.340Z
730,8,19,1982-04-23T08:11:13.430Z
1008,20,26,1982-04-29T01:35:21.110Z
1008,20,26,1982-05-01T14:59:05.660Z
1001,13,26,1982-05-05T01:16:02.320Z
275,9,7,1982-05-08T01:25:15.210Z
234,6,6,1982-05-08T06:19:02.080Z
997,9,26,1982-05-12T13:06:51.720Z
623,15,16,1982-05-14T01:18:47.960Z
275,9,7,1982-05-14T06:21:59.930Z
653,7,17,1982-05-14T09:46:34.550Z
1008,20,26,1982-05-15T03:48:04.100Z
275,9,7,1982-05-20T12:10:50.200Z
970,20,25,1982-05-24T23:20:20.600Z
1128,26,29,1982-05-25T06:59:55.280Z
652,6,17,1982-05-26T11:23:53.950Z
1165,25,30,1982-05-27T11:26:06.510Z
1008,20,26,1982-06-01T19:10:29.320Z
614,6,16,1982-06-10T14:28:31.450Z
614,6,16,1982-06-10T16:49:16.440Z
1235,19,32,1982-06-24T23:33:59.140Z
1008,20,26,1982-06-28T17:53:21.270Z
1086,22,28,1982-07-04T06:16:08.400Z
1008,20,26,1982-07-09T14:47:04.150Z
779,19,20,1982-07-12T13:35:41.800Z
971,21,25,1982-07-16T00:48:55.110Z
1008,20,26,1982-07-17T22:24:14.210Z
879,5,23,1982-07-24T11:43:38.210Z
118,4,3,1982-07-25T19:22:35.200Z
615,7,16,1982-08-01T20:38:16.830Z
845,9,22,1982-08-03T08:23:06.700Z
275,9,7,1982-08-08T06:02:26.570Z
998,10,26,1982-08-14T03:10:55.840Z
1008,20,26,1982-08-15T07:26:27.770Z
195,5,5,1982-08-26T05:22:59.670Z
1008,20,26,1982-08-26T07:47:32.750Z
1009,21,26,1982-08-28T00:45:29.130Z
1049,23,27,1982-08-28T05:58:55.710Z
962,12,25,1982-09-08T08:36:51.220Z
888,14,23,1982-09-11T08:55:43.160Z
461,5,12,1982-09-12T20:03:21.210Z
277,11,7,1982-09-22T07:53:39.180Z
1008,20,26,1982-09-22T15:35:24.800Z
1008,20,26,1982-09-25T01:18:31.830Z
166,14,4,1982-09-26T14:35:12.990Z
1035,9,27,1982-10-07T03:15:41.790Z
1008,20,26,1982-10-21T16:02:21.120Z
1008,20,26,1982-10-24T13:24:17.840Z
429,11,11,1982-10-24T19:47:49.410Z
41,3,1,1982-10-29T15:33:40.090Z
422,4,11,1982-11-04T15:02:18.820Z
653,7,17,1982-11-04T17:33:49.750Z
971,21,25,1982-11-05T18:26:15.300Z
1048,22,27,1982-11-16T00:50:13.380Z
278,12,7,1982-11-18T14:57:52.400Z
1035,9,27,1982-11-24T10:07:41.680Z
1048,22,27,1982-12-01T17:28:46.860Z
811,13,21,1982-12-05T03:18:27.340Z
961,11,25,1982-12-09T08:15:23.950Z
1027,1,27,1982-12-09T08:25:45.740Z
1163,23,30,1982-12-11T10:18:37.040Z
951,1,25,1982-12-11T12:15:27.530Z
1507,25,39,1982-12-22T06:16:18.850Z
1008,20,26,1982-12-23T22:47:03.350Z
275,9,7,1982-12-31T17:09:08.230Z
1009,21,26,1983-01-02T17:21:11.620Z
1008,20,26,1983-01-04T23:05:29.160Z
1008,20,26,1983-01-06T08:23:01.700Z
1009,21,26,1983-01-10T17:02:27.220Z
1425,19,37,1983-01-13T12:00:44.650Z
1425,19,37,1983-01-13T12:09:15.370Z
1426,20,37,1983-01-14T09:59:39.020Z
1008,20,26,1983-01-16T09:11:13.280Z
960,10,25,1983-01-23T14:29:28.530Z
1464,20,38,1983-02-09T00:47:34.470Z
1041,15,27,1983-02-09T04:21:21.700Z
4,4,0,1983-02-13T14:01:36.340Z
159,7,4,1983-02-18T08:55:46.910Z
89,13,2,1983-02-27T01:20:26.360Z
993,5,26,1983-03-02T14:06:51.400Z
1008,20,26,1983-03-07T23:14:10.990Z
1008,20,26,1983-03-08T07:22:10.940Z
1008,20,26,1983-03-09T19:30:11.440Z
1008,20,26,1983-03-15T14:25:10.050Z
465,9,12,1983-03-15T17:15:36.080Z
1008,20,26,1983-03-17T05:09:29.220Z
538,6,14,1983-03-20T23:45:39.930Z
86,10,2,1983-03-21T01:02:51.620Z
1035,9,27,1983-03-22T06:51:01.570Z
1008,20,26,1983-03-31T07:49:59.720Z
620,12,16,1983-03-31T13:12:52.640Z
1081,17,28,1983-03-31T16:43:16.620Z
970,20,25,1983-04-08T02:19:28.430Z
772,12,20,1983-04-10T02:01:09.430Z
9,9,0,1983-04-12T12:07:54.520Z
39,1,1,1983-04-13T15:00:33.760Z
84,8,2,1983-04-15T13:25:36.080Z
1009,21,26,1983-04-20T14:06:11.090Z
276,10,7,1983-04-27T21:06:00.880Z
1009,21,26,1983-04-30T04:16:49.620Z
850,14,22,1983-05-07T14:02:51.620Z
429,11,11,1983-05-19T19:07:18.610Z
1009,21,26,1983-05-19T23:22:14.510Z
971,21,25,1983-05-28T16:01:54.820Z
1008,20,26,1983-05-28T19:48:18.240Z
691,7,18,1983-05-30T04:52:01.840Z
196,6,5,1983-06-01T12:23:50.280Z
970,20,25,1983-06-07T23:14:16.020Z
1009,21,26,1983-06-09T20:38:30.140Z
423,5,11,1983-06-12T04:15:27.170Z
79,3,2,1983-06-12T15:24:25.990Z
1009,21,26,1983-06-13T06:14:34.910Z
1008,20,26,1983-06-15T07:37:25.060Z
1125,23,29,1983-06-15T08:33:18.450Z
1125,23,29,1983-06-15T08:33:24.570Z
991,3,26,1983-07-10T02:42:50.180Z
1065,1,28,1983-07-19T10:56:54.760Z
307,3,8,1983-07-21T06:46:02.870Z
307,3,8,1983-07-21T07:03:31.370Z
1008,20,26,1983-07-23T21:29:44.380Z
1008,20,26,1983-07-24T15:39:45.290Z
89,13,2,1983-08-04T07:44:25.420Z
1196,18,31,1983-08-14T05:05:52.290Z
14,14,0,1983-08-21T15:47:17.230Z
1008,20,26,1983-08-29T08:24:24.360Z
276,10,7,1983-09-08T04:34:50.180Z
651,5,17,1983-09-11T03:08:45.410Z
83,7,2,1983-09-14T08:35:17.240Z
1008,20,26,1983-10-07T16:50:32.440Z
83,7,2,1983-10-11T10:05:36.660Z
86,10,2,1983-10-17T12:53:59.900Z
1008,20,26,1983-10-24T00:58:24.800Z
1008,20,26,1983-10-24T04:13:31.090Z
82,6,2,1983-11-03T07:41:11.470Z
1046,20,27,1983-11-06T19:38:30.220Z
83,7,2,1983-11-08T06:52:46.330Z
1008,20,26,1983-11-18T00:44:54.360Z
1008,20,26,1983-11-18T08:32:01.170Z
461,5,12,1983-11-22T14:21:03.080Z
89,13,2,1983-11-25T22:56:25.880Z
13,13,0,1983-11-27T17:48:03.700Z
1189,11,31,1983-12-09T16:38:54.420Z
1008,20,26,1983-12-13T12:18:21.990Z
1037,11,27,1983-12-16T05:55:17.870Z
1472,28,38,1983-12-20T16:53:45.570Z
423,5,11,1983-12-21T18:36:55.310Z
236,8,6,1983-12-24T08:35:38.040Z
238,10,6,1983-12-30T09:31:55.410Z
1008,20,26,1983-12-31T12:18:05.040Z
1008,20,26,1984-01-06T11:37:49.100Z
84,8,2,1984-01-13T02:29:00.990Z
1008,20,26,1984-01-16T18:26:32.260Z
930,18,24,1984-01-17T04:17:16.720Z
78,2,2,1984-01-17T16:19:03.360Z
697,13,18,1984-01-25T18:46:25.440Z
967,17,25,1984-01-28T17:04:38.820Z
575,5,15,1984-02-06T04:40:19.140Z
691,7,18,1984-02-19T09:30:09.530Z
269,3,7,1984-02-21T03:20:45.040Z
269,3,7,1984-02-21T03:38:32.950Z
79,3,2,1984-02-22T05:16:26.840Z
848,12,22,1984-02-25T12:52:40.860Z
1008,20,26,1984-02-26T07:19:29.710Z
879,5,23,1984-02-29T14:38:22.980Z
1008,20,26,1984-03-02T02:58:21.430Z
613,5,16,1984-03-15T10:47:45.110Z
1008,20,26,1984-03-21T11:20:52.790Z
1009,21,26,1984-04-01T11:30:00.250Z
959,9,25,1984-04-01T23:36:37.800Z
1037,11,27,1984-04-08T21:02:36.820Z
1009,21,26,1984-04-11T00:39:23.080Z
1008,20,26,1984-04-14T20:55:59.850Z
761,1,20,1984-04-14T22:25:40.450Z
86,10,2,1984-04-15T21:26:32.270Z
1425,19,37,1984-04-20T09:18:19.510Z
1009,21,26,1984-04-22T00:43:13.330Z
1008,20,26,1984-04-22T14:33:54.000Z
351,9,9,1984-04-22T18:57:37.820Z
973,23,25,1984-04-24T14:09:45.700Z
275,9,7,1984-04-28T20:12:06.330Z
236,8,6,1984-04-28T21:43:47.000Z
842,6,22,1984-05-01T07:16:18.130Z
79,3,2,1984-05-13T23:53:29.650Z
1000,12,26,1984-05-17T19:46:27.340Z
971,21,25,1984-05-21T03:30:37.530Z
202,12,5,1984-05-22T23:56:45.570Z
1008,20,26,1984-05-23T00:21:19.410Z
87,11,2,1984-05-25T02:57:53.160Z
1008,20,26,1984-05-29T04:34:05.780Z
1224,8,32,1984-06-07T06:29:03.980Z
1348,18,35,1984-06-11T10:13:59.510Z
807,9,21,1984-06-12T22:03:37.200Z
1088,24,28,1984-06-12T23:08:55.340Z
270,4,7,1984-06-13T05:47:07.090Z
1282,28,33,1984-06-14T10:04:26.420Z
1113,11,29,1984-07-07T18:27:35.110Z
734,12,19,1984-07-11T17:22:26.150Z
1011,23,26,1984-07-24T09:17:08.510Z
960,10,25,1984-07-28T09:53:35.140Z
615,7,16,1984-07-30T02:47:20.800Z
615,7,16,1984-07-30T04:27:25.150Z
731,9,19,1984-08-07T16:36:08.230Z
1008,20,26,1984-08-11T13:14:20.590Z
1008,20,26,1984-09-03T16:59:29.580Z
120,6,3,1984-09-06T19:10:00.330Z
614,6,16,1984-09-12T01:04:58.430Z
960,10,25,1984-09-16T02:54:40.750Z
509,15,13,1984-09-17T07:36:34.810Z
1008,20,26,1984-09-20T09:36:23.870Z
961,11,25,1984-09-23T00:10:21.560Z
960,10,25,1984-09-25T00:11:39.340Z
1008,20,26,1984-10-02T20:30:24.730Z
922,10,24,1984-10-06T01:09:00.940Z
810,12,21,1984-10-08T15:33:03.460Z
1008,20,26,1984-10-16T12:11:02.410Z
659,13,17,1984-10-26T16:12:47.180Z
1233,17,32,1984-10-27T11:56:13.910Z
961,11,25,1984-10-30T07:57:53.480Z
1126,24,29,1984-11-02T06:53:30.070Z
1008,20,26,1984-11-04T13:14:19.800Z
772,12,20,1984-11-08T07:47:01.020Z
1358,28,35,1984-11-13T08:33:44.630Z
584,14,15,1984-11-13T14:03:15.850Z
654,8,17,1984-11-13T16:24:12.440Z
1160,20,30,1984-11-18T23:00:03.760Z
118,4,3,1984-11-20T14:26:27.030Z
1008,20,26,1984-12-06T00:56:56.990Z
1008,20,26,1984-12-09T14:45:29.190Z
276,10,7,1984-12-27T08:07:44.070Z
1008,20,26,1984-12-30T05:13:07.320Z
1259,5,33,1985-01-05T11:11:31.150Z
276,10,7,1985-01-08T08:57:26.600Z
614,6,16,1985-01-09T10:28:21.910Z
271,5,7,1985-01-11T09:43:04.170Z
1001,13,26,1985-01-11T18:24:26.890Z
1008,20,26,1985-01-27T06:06:06.560Z
1009,21,26,1985-02-03T06:12:15.490Z
1001,13,26,1985-02-03T13:06:52.220Z
123,9,3,1985-02-04T10:50:27.220Z
118,4,3,1985-02-05T08:56:09.290Z
807,9,21,1985-02-05T11:48:18.500Z
971,21,25,1985-02-06T06:50:12.640Z
971,21,25,1985-02-06T21:01:28.610Z
276,10,7,1985-02-10T14:27:44.250Z
1009,21,26,1985-02-14T00:47:45.250Z
14,14,0,1985-02-14T03:24:14.770Z
1008,20,26,1985-02-14T09:28:53.570Z
971,21,25,1985-02-15T07:50:22.820Z
1050,24,27,1985-02-23T06:50:11.160Z
773,13,20,1985-02-25T02:56:52.550Z
1009,21,26,1985-02-25T05:03:40.260Z
922,10,24,1985-02-27T04:26:47.250Z
768,8,20,1985-03-01T06:58:59.490Z
1008,20,26,1985-03-01T11:38:24.980Z
615,7,16,1985-03-07T02:54:35.040Z
167,15,4,1985-03-08T21:45:21.340Z
41,3,1,1985-03-17T07:14:07.200Z
314,10,8,1985-03-18T22:57:35.220Z
838,2,22,1985-03-25T01:31:25.360Z
971,21,25,1985-03-29T04:12:54.500Z
1009,21,26,1985-04-10T16:21:34.230Z
544,12,14,1985-04-10T20:15:36.610Z
81,5,2,1985-04-13T02:32:56.750Z
1197,19,31,1985-04-16T07:59:58.820Z
1046,20,27,1985-04-20T01:37:58.900Z
1189,11,31,1985-04-20T18:23:48.040Z
1189,11,31,1985-04-21T06:39:08.140Z
346,4,9,1985-04-21T17:39:49.500Z
1075,11,28,1985-04-25T11:54:49.470Z
1244,28,32,1985-05-03T07:05:54.920Z
1029,3,27,1985-05-06T20:08:16.840Z
971,21,25,1985-05-07T09:17:01.000Z
1008,20,26,1985-05-11T20:53:13.100Z
383,3,10,1985-05-29T16:45:01.110Z
198,8,5,1985-06-01T10:39:34.090Z
850,14,22,1985-06-03T07:06:18.780Z
692,8,18,1985-06-06T21:31:08.870Z
1000,12,26,1985-06-08T13:48:48.680Z
654,8,17,1985-06-10T03:23:31.710Z
1008,20,26,1985-06-14T07:11:13.410Z
237,9,6,1985-06-24T16:20:09.630Z
384,4,10,1985-06-24T22:05:50.970Z
312,8,8,1985-06-25T05:08:10.670Z
384,4,10,1985-06-25T20:00:44.600Z
346,4,9,1985-06-26T02:36:20.400Z
1009,21,26,1985-06-26T23:44:53.310Z
923,11,24,1985-07-03T13:10:08.370Z
117,3,3,1985-07-03T23:27:36.490Z
1001,13,26,1985-07-07T09:39:02.660Z
1008,20,26,1985-07-10T20:48:27.730Z
1189,11,31,1985-08-04T18:57:17.390Z
1008,20,26,1985-08-11T09:09:12.020Z
1008,20,26,1985-08-12T19:29:55.160Z
239,11,6,1985-08-13T12:54:36.780Z
1011,23,26,1985-08-13T17:03:23.640Z
1001,13,26,1985-08-18T10:11:45.790Z
275,9,7,1985-08-27T14:52:12.300Z
349,7,9,1985-08-28T18:44:00.240Z
1001,13,26,1985-09-03T08:28:26.040Z
12,12,0,1985-09-10T04:53:36.500Z
772,12,20,1985-09-18T03:59:09.140Z
1009,21,26,1985-09-27T23:53:57.200Z
932,20,24,1985-09-30T09:12:02.710Z
576,6,15,1985-10-03T03:15:44.150Z
538,6,14,1985-10-03T04:50:02.670Z
276,10,7,1985-10-21T22:03:30.950Z
1008,20,26,1985-10-22T00:48:30.180Z
425,7,11,1985-10-24T08:25:05.230Z
849,13,22,1985-11-05T22:58:02.980Z
276,10,7,1985-11-12T15:12:11.390Z
738,16,19,1985-11-20T07:11:57.050Z
164,12,4,1985-11-26T19:02:23.980Z
1009,21,26,1985-12-03T17:52:23.950Z
231,3,6,1985-12-07T00:06:54.620Z
276,10,7,1985-12-12T17:32:36.620Z
1274,20,33,1985-12-13T00:16:13.710Z
317,13,8,1985-12-15T06:03:30.950Z
852,16,22,1985-12-18T22:36:26.250Z
198,8,5,1985-12-20T02:33:02.980Z
615,7,16,1985-12-29T13:11:39.750Z
931,19,24,1985-12-31T20:25:01.620Z
82,6,2,1986-01-12T06:38:20.590Z
1001,13,26,1986-01-15T11:37:35.130Z
1037,11,27,1986-01-17T00:15:33.660Z
461,5,12,1986-01-19T08:03:26.630Z
1008,20,26,1986-01-27T20:44:24.860Z
277,11,7,1986-01-28T06:51:45.490Z
1000,12,26,1986-01-29T13:34:09.830Z
1001,13,26,1986-01-29T13:49:41.170Z
1000,12,26,1986-01-29T14:47:15.100Z
1001,13,26,1986-01-30T22:26:32.030Z
1001,13,26,1986-01-30T23:23:27.710Z
1040,14,27,1986-02-01T00:00:59.140Z
237,9,6,1986-02-22T18:47:21.310Z
237,9,6,1986-03-24T21:38:05.520Z
736,14,19,1986-03-27T04:04:55.020Z
697,13,18,1986-03-27T06:05:33.210Z
275,9,7,1986-03-28T21:19:22.930Z
813,15,21,1986-03-29T09:48:55.000Z
1008,20,26,1986-03-31T01:19:23.910Z
41,3,1,1986-04-02T06:49:30.450Z
811,13,21,1986-04-09T08:21:44.190Z
846,10,22,1986-04-11T06:49:45.270Z
732,10,19,1986-04-16T18:59:56.890Z
693,9,18,1986-04-16T22:01:56.770Z
198,8,5,1986-04-18T02:03:53.000Z
79,3,2,1986-04-23T20:27:12.720Z
883,9,23,1986-04-25T01:10:36.710Z
1008,20,26,1986-05-12T21:59:56.190Z
236,8,6,1986-05-13T23:10:55.900Z
971,21,25,1986-05-16T00:15:37.350Z
241,13,6,1986-05-16T05:40:10.290Z
576,6,15,1986-05-17T05:01:38.200Z
1008,20,26,1986-05-17T22:34:15.020Z
126,12,3,1986-05-21T03:56:56.280Z
276,10,7,1986-05-24T17:01:17.120Z
1009,21,26,1986-06-07T16:37:46.970Z
195,5,5,1986-06-12T18:16:20.740Z
1039,13,27,1986-06-14T09:10:05.920Z
1001,13,26,1986-06-15T09:42:53.350Z
1275,21,33,1986-06-24T06:40:20.460Z
1009,21,26,1986-06-25T06:18:01.660Z
1008,20,26,1986-06-26T23:14:32.960Z
429,11,11,1986-06-27T21:07:56.860Z
1008,20,26,1986-06-29T20:11:50.450Z
1275,21,33,1986-07-05T16:36:52.400Z
846,10,22,1986-07-07T21:22:24.360Z
351,9,9,1986-07-13T10:26:07.160Z
162,10,4,1986-07-13T19:02:41.630Z
1358,28,35,1986-07-18T17:22:38.240Z
1358,28,35,1986-07-19T00:21:31.770Z
774,14,20,1986-07-22T19:53:52.540Z
238,10,6,1986-07-29T09:56:24.500Z
1028,2,27,1986-08-07T22:32:50.430Z
1028,2,27,1986-08-07T22:54:07.470Z
1028,2,27,1986-08-09T00:25:53.920Z
1028,2,27,1986-08-10T20:42:29.620Z
1028,2,27,1986-08-12T08:18:42.930Z
1066,2,28,1986-08-12T10:34:10.360Z
1081,17,28,1986-08-13T15:27:21.810Z
1009,21,26,1986-08-18T18:20:49.780Z
1326,34,34,1986-08-18T20:55:53.560Z
1085,21,28,1986-08-21T01:23:22.060Z
276,10,7,1986-08-21T11:46:08.000Z
771,11,20,1986-08-23T05:14:43.240Z
1288,34,33,1986-08-25T17:25:04.170Z
13,13,0,1986-08-27T23:44:17.140Z
276,10,7,1986-09-03T23:58:50.850Z
1008,20,26,1986-09-07T00:08:37.590Z
200,10,5,1986-09-07T18:34:08.110Z
1008,20,26,1986-09-08T06:03:29.990Z
1358,28,35,1986-09-12T00:34:50.420Z
576,6,15,1986-09-13T04:25:42.590Z
999,11,26,1986-09-14T22:12:20.610Z
1042,16,27,1986-09-15T20:05:38.040Z
1121,19,29,1986-09-20T05:54:23.640Z
1074,10,28,1986-09-27T02:31:24.280Z
1008,20,26,1986-09-30T17:16:25.880Z
1008,20,26,1986-10-01T10:38:43.780Z
1008,20,26,1986-10-07T06:42:09.700Z
1004,16,26,1986-10-11T21:34:48.100Z
11,11,0,1986-10-12T08:07:12.000Z
1008,20,26,1986-10-17T16:45:11.800Z
1008,20,26,1986-10-24T12:42:23.160Z
196,6,5,1986-10-28T18:42:24.080Z
241,13,6,1986-10-31T01:11:14.820Z
1012,24,26,1986-10-31T02:06:39.560Z
1008,20,26,1986-10-31T07:05:52.770Z
277,11,7,1986-11-01T01:12:37.810Z
1160,20,30,1986-11-04T03:46:18.420Z
312,8,8,1986-11-06T03:34:31.010Z
1008,20,26,1986-11-09T18:10:51.650Z
1009,21,26,1986-11-18T19:51:39.590Z
277,11,7,1986-11-19T01:14:53.010Z
423,5,11,1986-11-22T15:00:27.920Z
125,11,3,1986-11-23T01:39:23.900Z
388,8,10,1986-11-23T16:30:05.330Z
1008,20,26,1986-12-01T09:21:03.110Z
1002,14,26,1986-12-10T12:57:27.630Z
1001,13,26,1986-12-12T03:11:04.090Z
1008,20,26,1986-12-14T01:35:46.630Z
13,13,0,1986-12-25T21:02:54.270Z
971,21,25,1986-12-27T23:46:15.740Z
50,12,1,1986-12-28T05:27:17.600Z
811,13,21,1987-01-07T17:16:25.390Z
123,9,3,1987-01-08T08:52:03.920Z